{
  "project_info": {
    "project_number": "221542558503",
    "project_id": "androidappmad",
    "storage_bucket": "androidappmad.appspot.com"
  },
  "client": [
    {
      "client_info": {
        "mobilesdk_app_id": "1:221542558503:android:effa25d46408edb35f5702",
        "android_client_info": {
          "package_name": "com.example.firebaseauth"
        }
      },
      "oauth_client": [],
      "api_key": [
        {
          "current_key": "AIzaSyAX2NKarFH9VpQ_ZH1u6isn9BsV5LhjfGI"
        }
      ],
      "services": {
        "appinvite_service": {
          "other_platform_oauth_client": []
        }
      }
    },
    {
      "client_info": {
        "mobilesdk_app_id": "1:221542558503:android:ce7cbe41cc8fc2d35f5702",
        "android_client_info": {
          "package_name": "com.example.myapplication"
        }
      },
      "oauth_client": [],
      "api_key": [
        {
          "current_key": "AIzaSyAX2NKarFH9VpQ_ZH1u6isn9BsV5LhjfGI"
        }
      ],
      "services": {
        "appinvite_service": {
          "other_platform_oauth_client": []
        }
      }
    }
  ],
  "configuration_version": "1"
}